{"root":[{"assemblyName":"Meta.XR.Audio","nameSpace":"","className":"MetaXRAcousticSettings","methodName":"OnBeforeSceneLoadRuntimeMethod","loadTypes":1,"isUnityClass":false},{"assemblyName":"Meta.XR.Audio","nameSpace":"","className":"MetaXRAudioRoomAcousticProperties","methodName":"CheckSceneHasRoom","loadTypes":0,"isUnityClass":false},{"assemblyName":"Meta.XR.Audio","nameSpace":"","className":"MetaXRAudioSource","methodName":"OnBeforeSceneLoadRuntimeMethod","loadTypes":1,"isUnityClass":false},{"assemblyName":"Unity.VisualScripting.Core","nameSpace":"Unity.VisualScripting","className":"RuntimeVSUsageUtility","methodName":"RuntimeInitializeOnLoadBeforeSceneLoad","loadTypes":1,"isUnityClass":true}]}
